risk,place,year,count,score,rank
opendns,ad,2016,30,74.23,24
opendns,ae,2016,4280,36.65,152
opendns,af,2016,890,48.55,113
opendns,ag,2016,120,63.73,57
opendns,ai,2016,30,74.23,24
opendns,al,2016,1300,45.67,123
opendns,am,2016,6810,33.13,160
opendns,ao,2016,610,51.41,101
opendns,ar,2016,39730,19.76,189
opendns,as,2016,10,82.55,1
opendns,at,2016,3250,38.73,143
opendns,au,2016,27090,22.67,182
opendns,aw,2016,10,82.55,1
opendns,ax,2016,10,82.55,1
opendns,az,2016,15840,26.73,174
opendns,ba,2016,13870,27.74,170
opendns,bb,2016,880,48.63,110
opendns,bd,2016,2500,40.72,134
opendns,be,2016,3080,39.14,140
opendns,bf,2016,360,55.4,89
opendns,bg,2016,36880,20.33,187
opendns,bh,2016,480,53.22,93
opendns,bi,2016,10,82.55,1
opendns,bj,2016,120,63.73,57
opendns,bm,2016,150,62.04,70
opendns,bn,2016,170,61.09,75
opendns,bo,2016,4470,36.32,154
opendns,bq,2016,10,82.55,1
opendns,br,2016,112260,11.89,205
opendns,bs,2016,120,63.73,57
opendns,bt,2016,70,67.81,43
opendns,bw,2016,160,61.55,72
opendns,by,2016,3160,38.94,141
opendns,bz,2016,880,48.63,110
opendns,ca,2016,38800,19.94,188
opendns,cd,2016,130,63.12,64
opendns,cg,2016,40,72.05,34
opendns,ch,2016,7630,32.27,162
opendns,ci,2016,370,55.2,90
opendns,ck,2016,20,77.3,16
opendns,cl,2016,4200,36.79,151
opendns,cm,2016,290,57.04,85
opendns,cn,2016,356350,3.14,212
opendns,co,2016,77680,14.68,199
opendns,cr,2016,1420,45.01,125
opendns,cu,2016,260,57.87,83
opendns,cv,2016,20,77.3,16
opendns,cw,2016,160,61.55,72
opendns,cy,2016,640,51.04,103
opendns,cz,2016,15450,26.92,172
opendns,de,2016,74100,15.04,198
opendns,dk,2016,2510,40.69,135
opendns,dm,2016,60,68.98,40
opendns,do,2016,16680,26.34,176
opendns,dz,2016,86770,13.85,201
opendns,ec,2016,4610,36.08,155
opendns,ee,2016,1480,44.69,126
opendns,eg,2016,85700,13.94,200
opendns,es,2016,20960,24.61,180
opendns,fi,2016,2530,40.63,136
opendns,fj,2016,550,52.19,100
opendns,fm,2016,10,82.55,1
opendns,fo,2016,100,65.11,54
opendns,fr,2016,58400,16.85,193
opendns,ga,2016,140,62.56,67
opendns,gb,2016,60900,16.53,195
opendns,gd,2016,80,66.8,50
opendns,ge,2016,3290,38.64,145
opendns,gf,2016,30,74.23,24
opendns,gg,2016,120,63.73,57
opendns,gh,2016,880,48.63,110
opendns,gi,2016,140,62.56,67
opendns,gm,2016,70,67.81,43
opendns,gn,2016,10,82.55,1
opendns,gp,2016,70,67.81,43
opendns,gq,2016,40,72.05,34
opendns,gr,2016,21920,24.27,181
opendns,gt,2016,4170,36.84,150
opendns,gu,2016,650,50.93,104
opendns,gy,2016,150,62.04,70
opendns,hk,2016,18400,25.6,177
opendns,hn,2016,900,48.46,114
opendns,hr,2016,8900,31.1,164
opendns,ht,2016,20,77.3,16
opendns,hu,2016,7540,32.36,161
opendns,id,2016,133410,10.59,208
opendns,ie,2016,2980,39.39,139
opendns,il,2016,3910,37.33,149
opendns,im,2016,50,70.36,36
opendns,in,2016,292090,4.65,211
opendns,iq,2016,910,48.38,115
opendns,ir,2016,230860,6.43,210
opendns,is,2016,510,52.76,97
opendns,it,2016,42930,19.18,191
opendns,je,2016,140,62.56,67
opendns,jm,2016,210,59.49,78
opendns,jo,2016,1900,42.8,130
opendns,jp,2016,57700,16.94,192
opendns,ke,2016,610,51.41,101
opendns,kg,2016,350,55.62,88
opendns,kh,2016,710,50.26,106
opendns,km,2016,10,82.55,1
opendns,kn,2016,180,60.65,76
opendns,kp,2016,10,82.55,1
opendns,kr,2016,92350,13.37,202
opendns,kw,2016,2140,41.9,133
opendns,ky,2016,90,65.91,53
opendns,kz,2016,34790,20.77,186
opendns,la,2016,250,58.17,82
opendns,lb,2016,5040,35.41,157
opendns,lc,2016,30,74.23,24
opendns,li,2016,70,67.81,43
opendns,lk,2016,3160,38.94,141
opendns,lr,2016,10,82.55,1
opendns,ls,2016,80,66.8,50
opendns,lt,2016,3250,38.73,143
opendns,lu,2016,670,50.7,105
opendns,lv,2016,1890,42.84,129
opendns,ly,2016,1970,42.53,131
opendns,ma,2016,19980,24.97,179
opendns,mc,2016,50,70.36,36
opendns,md,2016,13440,27.98,169
opendns,me,2016,290,57.04,85
opendns,mf,2016,10,82.55,1
opendns,mg,2016,120,63.73,57
opendns,mh,2016,10,82.55,1
opendns,mk,2016,1320,45.56,124
opendns,ml,2016,10,82.55,1
opendns,mm,2016,20,77.3,16
opendns,mn,2016,160,61.55,72
opendns,mo,2016,490,53.07,94
opendns,mq,2016,70,67.81,43
opendns,mr,2016,520,52.62,98
opendns,mt,2016,330,56.06,87
opendns,mu,2016,870,48.72,109
opendns,mv,2016,490,53.07,94
opendns,mw,2016,80,66.8,50
opendns,mx,2016,127000,10.96,207
opendns,my,2016,92740,13.34,203
opendns,mz,2016,990,47.74,118
opendns,na,2016,30,74.23,24
opendns,nc,2016,120,63.73,57
opendns,ne,2016,10,82.55,1
opendns,ng,2016,420,54.24,91
opendns,ni,2016,1710,43.6,127
opendns,nl,2016,41210,19.49,190
opendns,no,2016,3740,37.67,148
opendns,np,2016,6100,33.96,158
opendns,nz,2016,2780,39.92,137
opendns,om,2016,930,48.21,116
opendns,pa,2016,2120,41.97,132
opendns,pe,2016,3660,37.83,147
opendns,pf,2016,60,68.98,40
opendns,pg,2016,70,67.81,43
opendns,ph,2016,32830,21.21,185
opendns,pk,2016,6770,33.17,159
opendns,pl,2016,72160,15.24,196
opendns,pr,2016,740,49.94,107
opendns,ps,2016,16440,26.45,175
opendns,pt,2016,4360,36.51,153
opendns,py,2016,190,60.25,77
opendns,qa,2016,260,57.87,83
opendns,re,2016,120,63.73,57
opendns,ro,2016,28440,22.3,183
opendns,rs,2016,29270,22.08,184
opendns,ru,2016,115720,11.66,206
opendns,rw,2016,50,70.36,36
opendns,sa,2016,4800,35.78,156
opendns,sc,2016,60,68.98,40
opendns,sd,2016,500,52.91,96
opendns,se,2016,14710,27.29,171
opendns,sg,2016,8000,31.91,163
opendns,si,2016,1050,47.29,119
opendns,sk,2016,12440,28.56,168
opendns,sl,2016,10,82.55,1
opendns,sm,2016,110,64.39,55
opendns,sn,2016,1220,46.16,121
opendns,so,2016,50,70.36,36
opendns,sr,2016,30,74.23,24
opendns,st,2016,30,74.23,24
opendns,sv,2016,2790,39.89,138
opendns,sx,2016,30,74.23,24
opendns,sy,2016,15680,26.81,173
opendns,sz,2016,70,67.81,43
opendns,tc,2016,20,77.3,16
opendns,td,2016,30,74.23,24
opendns,tg,2016,220,59.13,79
opendns,th,2016,19560,25.13,178
opendns,tj,2016,130,63.12,64
opendns,tl,2016,20,77.3,16
opendns,tn,2016,9990,30.22,167
opendns,to,2016,20,77.3,16
opendns,tr,2016,154080,9.5,209
opendns,tt,2016,830,49.07,108
opendns,tw,2016,73570,15.1,197
opendns,tz,2016,440,53.88,92
opendns,ua,2016,58780,16.8,194
opendns,ug,2016,130,63.12,64
opendns,us,2016,539540,0.0,213
opendns,uy,2016,9670,30.47,166
opendns,uz,2016,1190,46.34,120
opendns,vc,2016,520,52.62,98
opendns,ve,2016,3290,38.64,145
opendns,vg,2016,980,47.82,117
opendns,vi,2016,30,74.23,24
opendns,vn,2016,107250,12.24,204
opendns,vu,2016,20,77.3,16
opendns,ws,2016,10,82.55,1
opendns,xk,2016,240,58.48,81
opendns,xy,2016,1240,46.03,122
opendns,ye,2016,1780,43.29,128
opendns,za,2016,9230,30.82,165
opendns,zm,2016,110,64.39,55
opendns,zw,2016,230,58.8,80
openntp,ad,2016,30,73.23,24
openntp,ae,2016,4090,34.54,165
openntp,af,2016,120,62.32,65
openntp,ag,2016,160,60.05,72
openntp,ai,2016,10,81.88,1
openntp,al,2016,780,47.58,120
openntp,am,2016,330,54.35,95
openntp,ao,2016,230,57.2,85
openntp,ar,2016,35210,17.59,201
openntp,as,2016,30,73.23,24
openntp,at,2016,3970,34.77,164
openntp,au,2016,21470,21.49,197
openntp,aw,2016,220,57.55,82
openntp,ax,2016,200,58.3,79
openntp,az,2016,1060,45.17,126
openntp,ba,2016,1320,43.44,136
openntp,bb,2016,220,57.55,82
openntp,bd,2016,1740,41.27,144
openntp,be,2016,4280,34.18,169
openntp,bf,2016,10,81.88,1
openntp,bg,2016,4940,33.05,172
openntp,bh,2016,510,50.93,107
openntp,bj,2016,10,81.88,1
openntp,bm,2016,480,51.4,104
openntp,bn,2016,100,63.75,60
openntp,bo,2016,850,46.91,121
openntp,bq,2016,10,81.88,1
openntp,br,2016,71890,11.98,205
openntp,bs,2016,250,56.54,86
openntp,bt,2016,150,60.56,71
openntp,bw,2016,160,60.05,72
openntp,by,2016,1370,43.15,138
openntp,bz,2016,260,56.23,87
openntp,ca,2016,22860,20.99,198
openntp,cd,2016,30,73.23,24
openntp,ch,2016,8310,28.96,181
openntp,ci,2016,80,65.51,55
openntp,cl,2016,4920,33.09,171
openntp,cm,2016,100,63.75,60
openntp,cn,2016,182470,4.64,209
openntp,co,2016,8620,28.67,183
openntp,cr,2016,1120,44.73,130
openntp,cu,2016,40,70.96,32
openntp,cv,2016,70,66.56,49
openntp,cw,2016,430,52.27,99
openntp,cy,2016,1370,43.15,138
openntp,cz,2016,6060,31.45,177
openntp,de,2016,50240,14.8,204
openntp,dj,2016,40,70.96,32
openntp,dk,2016,5970,31.56,176
openntp,do,2016,670,48.78,117
openntp,dz,2016,460,51.74,103
openntp,ec,2016,4260,34.22,168
openntp,ee,2016,520,50.77,108
openntp,eg,2016,1680,41.54,143
openntp,er,2016,20,76.42,13
openntp,es,2016,11960,26.09,187
openntp,fi,2016,3350,36.11,159
openntp,fj,2016,280,55.65,90
openntp,fm,2016,40,70.96,32
openntp,fo,2016,140,61.1,68
openntp,fr,2016,38000,16.99,202
openntp,ga,2016,20,76.42,13
openntp,gb,2016,43430,15.94,203
openntp,gd,2016,20,76.42,13
openntp,ge,2016,1920,40.49,148
openntp,gf,2016,30,73.23,24
openntp,gg,2016,10,81.88,1
openntp,gh,2016,310,54.85,93
openntp,gi,2016,30,73.23,24
openntp,gl,2016,50,69.21,37
openntp,gm,2016,60,67.77,44
openntp,gn,2016,10,81.88,1
openntp,gp,2016,20,76.42,13
openntp,gq,2016,110,63.0,62
openntp,gr,2016,3410,35.97,161
openntp,gt,2016,860,46.81,122
openntp,gu,2016,80,65.51,55
openntp,gy,2016,40,70.96,32
openntp,hk,2016,14810,24.41,191
openntp,hn,2016,960,45.95,124
openntp,hr,2016,1200,44.19,133
openntp,ht,2016,330,54.35,95
openntp,hu,2016,5710,31.91,175
openntp,id,2016,8470,28.81,182
openntp,ie,2016,1800,41.0,145
openntp,il,2016,3540,35.68,162
openntp,im,2016,60,67.77,44
openntp,in,2016,35000,17.64,200
openntp,iq,2016,450,51.91,101
openntp,ir,2016,4230,34.27,167
openntp,is,2016,1240,43.93,135
openntp,it,2016,18590,22.62,196
openntp,je,2016,210,57.91,81
openntp,jm,2016,680,48.66,118
openntp,jo,2016,650,49.02,116
openntp,jp,2016,116740,8.16,208
openntp,ke,2016,3400,35.99,160
openntp,kg,2016,450,51.91,101
openntp,kh,2016,1600,41.93,142
openntp,kn,2016,20,76.42,13
openntp,kr,2016,90690,10.15,206
openntp,kw,2016,1230,44.0,134
openntp,ky,2016,70,66.56,49
openntp,kz,2016,7030,30.28,179
openntp,la,2016,260,56.23,87
openntp,lb,2016,480,51.4,104
openntp,li,2016,140,61.1,68
openntp,lk,2016,560,50.19,113
openntp,lr,2016,50,69.21,37
openntp,ls,2016,10,81.88,1
openntp,lt,2016,880,46.63,123
openntp,lu,2016,520,50.77,108
openntp,lv,2016,540,50.48,110
openntp,ly,2016,50,69.21,37
openntp,ma,2016,2200,39.42,150
openntp,mc,2016,50,69.21,37
openntp,md,2016,2410,38.7,153
openntp,me,2016,320,54.6,94
openntp,mf,2016,20,76.42,13
openntp,mg,2016,180,59.12,77
openntp,mh,2016,60,67.77,44
openntp,mk,2016,1120,44.73,130
openntp,ml,2016,110,63.0,62
openntp,mm,2016,170,59.57,74
openntp,mn,2016,1110,44.81,128
openntp,mo,2016,1550,42.18,141
openntp,mp,2016,20,76.42,13
openntp,mq,2016,70,66.56,49
openntp,mr,2016,10,81.88,1
openntp,ms,2016,10,81.88,1
openntp,mt,2016,540,50.48,110
openntp,mu,2016,970,45.87,125
openntp,mv,2016,90,64.58,59
openntp,mw,2016,110,63.0,62
openntp,mx,2016,30260,18.79,199
openntp,my,2016,17870,22.93,194
openntp,mz,2016,190,58.7,78
openntp,na,2016,170,59.57,74
openntp,nc,2016,30,73.23,24
openntp,ne,2016,10,81.88,1
openntp,ng,2016,1160,44.46,132
openntp,ni,2016,1100,44.88,127
openntp,nl,2016,11330,26.52,185
openntp,no,2016,5080,32.83,174
openntp,np,2016,200,58.3,79
openntp,nz,2016,2520,38.35,155
openntp,om,2016,280,55.65,90
openntp,pa,2016,1800,41.0,145
openntp,pe,2016,2480,38.48,154
openntp,pg,2016,280,55.65,90
openntp,ph,2016,6280,31.16,178
openntp,pk,2016,4450,33.88,170
openntp,pl,2016,14140,24.78,190
openntp,pm,2016,10,81.88,1
openntp,pr,2016,1430,42.81,140
openntp,ps,2016,1110,44.81,128
openntp,pt,2016,3570,35.61,163
openntp,py,2016,2730,37.72,157
openntp,qa,2016,1360,43.21,137
openntp,re,2016,140,61.1,68
openntp,ro,2016,12320,25.86,188
openntp,rs,2016,3000,36.98,158
openntp,ru,2016,104390,9.04,207
openntp,rw,2016,500,51.08,106
openntp,sa,2016,1890,40.62,147
openntp,sb,2016,20,76.42,13
openntp,sc,2016,70,66.56,49
openntp,sd,2016,410,52.64,97
openntp,se,2016,12500,25.75,189
openntp,sg,2016,4210,34.31,166
openntp,si,2016,2390,38.77,152
openntp,sk,2016,2520,38.35,155
openntp,sl,2016,20,76.42,13
openntp,sm,2016,80,65.51,55
openntp,sn,2016,220,57.55,82
openntp,so,2016,20,76.42,13
openntp,sr,2016,50,69.21,37
openntp,ss,2016,10,81.88,1
openntp,sv,2016,740,48.0,119
openntp,sx,2016,10,81.88,1
openntp,sy,2016,60,67.77,44
openntp,sz,2016,60,67.77,44
openntp,tc,2016,50,69.21,37
openntp,tg,2016,20,76.42,13
openntp,th,2016,18010,22.87,195
openntp,tj,2016,80,65.51,55
openntp,tl,2016,130,61.69,66
openntp,tm,2016,50,69.21,37
openntp,tn,2016,610,49.52,115
openntp,tr,2016,10560,27.07,184
openntp,tt,2016,540,50.48,110
openntp,tw,2016,7230,30.06,180
openntp,tz,2016,570,50.05,114
openntp,ua,2016,11640,26.31,186
openntp,ug,2016,130,61.69,66
openntp,us,2016,329180,0.0,210
openntp,uy,2016,2210,39.39,151
openntp,uz,2016,440,52.09,100
openntp,vc,2016,40,70.96,32
openntp,ve,2016,2140,39.64,149
openntp,vg,2016,70,66.56,49
openntp,vi,2016,170,59.57,74
openntp,vn,2016,17420,23.13,193
openntp,vu,2016,70,66.56,49
openntp,ws,2016,30,73.23,24
openntp,xk,2016,30,73.23,24
openntp,xy,2016,17030,23.31,192
openntp,za,2016,5050,32.88,173
openntp,zm,2016,260,56.23,87
openntp,zw,2016,420,52.46,98
openssdp,ad,2016,1110,52.44,93
openssdp,ae,2016,47310,26.99,169
openssdp,af,2016,1040,52.88,89
openssdp,ag,2016,400,59.36,73
openssdp,ai,2016,20,79.68,9
openssdp,al,2016,3000,45.7,119
openssdp,am,2016,24720,31.39,155
openssdp,ao,2016,2210,47.77,112
openssdp,ar,2016,703260,8.68,204
openssdp,at,2016,7210,39.75,134
openssdp,au,2016,60460,25.32,174
openssdp,aw,2016,220,63.42,62
openssdp,ax,2016,120,67.53,46
openssdp,az,2016,6300,40.66,130
openssdp,ba,2016,56100,25.83,173
openssdp,bb,2016,930,53.64,88
openssdp,bd,2016,2470,47.01,114
openssdp,be,2016,9290,38.03,139
openssdp,bf,2016,30,76.93,18
openssdp,bg,2016,164770,18.52,187
openssdp,bh,2016,2010,48.41,110
openssdp,bj,2016,140,66.48,51
openssdp,bl,2016,10,84.38,1
openssdp,bm,2016,510,57.71,81
openssdp,bn,2016,170,65.17,56
openssdp,bo,2016,40730,28.0,165
openssdp,bq,2016,510,57.71,81
openssdp,br,2016,484910,11.2,201
openssdp,bs,2016,100,68.76,40
openssdp,bt,2016,110,68.12,44
openssdp,bw,2016,60,72.23,32
openssdp,by,2016,18140,33.49,150
openssdp,bz,2016,40,74.98,25
openssdp,ca,2016,243880,15.87,191
openssdp,cd,2016,40,74.98,25
openssdp,cg,2016,30,76.93,18
openssdp,ch,2016,11640,36.5,144
openssdp,ci,2016,120,67.53,46
openssdp,cl,2016,33370,29.36,161
openssdp,cm,2016,150,66.01,54
openssdp,cn,2016,2529390,0.0,207
openssdp,co,2016,434490,11.95,200
openssdp,cr,2016,41290,27.91,166
openssdp,cw,2016,9920,37.58,140
openssdp,cy,2016,47250,27.0,168
openssdp,cz,2016,7670,39.33,135
openssdp,de,2016,37770,28.52,163
openssdp,dj,2016,10,84.38,1
openssdp,dk,2016,15380,34.61,149
openssdp,dm,2016,510,57.71,81
openssdp,do,2016,29290,30.24,158
openssdp,dz,2016,47460,26.97,170
openssdp,ec,2016,65340,24.8,176
openssdp,ee,2016,1980,48.51,109
openssdp,eg,2016,72310,24.11,180
openssdp,er,2016,10,84.38,1
openssdp,es,2016,259320,15.45,192
openssdp,et,2016,130,66.99,49
openssdp,fi,2016,6490,40.46,132
openssdp,fj,2016,30,76.93,18
openssdp,fm,2016,140,66.48,51
openssdp,fo,2016,10,84.38,1
openssdp,fr,2016,22370,32.07,152
openssdp,ga,2016,80,70.28,36
openssdp,gb,2016,53420,26.16,172
openssdp,gd,2016,780,54.83,86
openssdp,ge,2016,260,62.28,64
openssdp,gf,2016,20,79.68,9
openssdp,gg,2016,190,64.41,59
openssdp,gh,2016,500,57.85,80
openssdp,gi,2016,60,72.23,32
openssdp,gm,2016,30,76.93,18
openssdp,gp,2016,340,60.46,70
openssdp,gq,2016,20,79.68,9
openssdp,gr,2016,343580,13.54,196
openssdp,gt,2016,1300,51.37,99
openssdp,gu,2016,360,60.08,71
openssdp,gy,2016,20,79.68,9
openssdp,hk,2016,38430,28.4,164
openssdp,hn,2016,1090,52.56,92
openssdp,hr,2016,8570,38.58,137
openssdp,ht,2016,30,76.93,18
openssdp,hu,2016,118510,20.76,183
openssdp,id,2016,8680,38.49,138
openssdp,ie,2016,13820,35.34,147
openssdp,il,2016,29560,30.18,160
openssdp,im,2016,30,76.93,18
openssdp,in,2016,212280,16.81,189
openssdp,iq,2016,3090,45.5,121
openssdp,ir,2016,157580,18.83,186
openssdp,is,2016,410,59.19,75
openssdp,it,2016,135250,19.86,184
openssdp,je,2016,320,60.88,67
openssdp,jm,2016,3870,43.97,125
openssdp,jo,2016,3920,43.88,126
openssdp,jp,2016,283800,14.84,194
openssdp,ke,2016,1520,50.31,105
openssdp,kg,2016,2680,46.46,116
openssdp,kh,2016,1070,52.69,91
openssdp,kn,2016,1260,51.58,97
openssdp,kp,2016,10,84.38,1
openssdp,kr,2016,400500,12.5,199
openssdp,kw,2016,2050,48.28,111
openssdp,ky,2016,1310,51.32,101
openssdp,kz,2016,29460,30.2,159
openssdp,la,2016,420,59.03,77
openssdp,lb,2016,12210,36.18,145
openssdp,lc,2016,310,61.09,65
openssdp,li,2016,90,69.48,39
openssdp,lk,2016,1300,51.37,99
openssdp,ls,2016,180,64.78,57
openssdp,lt,2016,10650,37.1,141
openssdp,lu,2016,240,62.83,63
openssdp,lv,2016,6360,40.6,131
openssdp,ly,2016,1860,48.94,108
openssdp,ma,2016,5240,41.91,128
openssdp,mc,2016,10,84.38,1
openssdp,md,2016,19180,33.11,151
openssdp,me,2016,23310,31.79,154
openssdp,mf,2016,310,61.09,65
openssdp,mg,2016,1350,51.11,102
openssdp,mk,2016,3050,45.58,120
openssdp,ml,2016,50,73.47,28
openssdp,mn,2016,330,60.67,69
openssdp,mo,2016,1500,50.4,104
openssdp,mp,2016,200,64.06,61
openssdp,mq,2016,30,76.93,18
openssdp,mr,2016,80,70.28,36
openssdp,ms,2016,110,68.12,44
openssdp,mt,2016,840,54.33,87
openssdp,mu,2016,66240,24.71,178
openssdp,mv,2016,1600,49.96,106
openssdp,mw,2016,100,68.76,40
openssdp,mx,2016,65300,24.8,176
openssdp,my,2016,348570,13.44,197
openssdp,mz,2016,400,59.36,73
openssdp,na,2016,180,64.78,57
openssdp,nc,2016,1110,52.44,93
openssdp,ne,2016,60,72.23,32
openssdp,ng,2016,160,65.58,55
openssdp,ni,2016,1260,51.58,97
openssdp,nl,2016,70920,24.24,179
openssdp,no,2016,28020,30.54,156
openssdp,np,2016,1200,51.91,95
openssdp,nz,2016,14760,34.89,148
openssdp,om,2016,1050,52.82,90
openssdp,pa,2016,80950,23.35,181
openssdp,pe,2016,11150,36.79,142
openssdp,pf,2016,20,79.68,9
openssdp,pg,2016,50,73.47,28
openssdp,ph,2016,45210,27.3,167
openssdp,pk,2016,64530,24.88,175
openssdp,pl,2016,53230,26.19,171
openssdp,pm,2016,20,79.68,9
openssdp,pr,2016,1350,51.11,102
openssdp,ps,2016,2870,46.0,117
openssdp,pt,2016,3230,45.19,122
openssdp,py,2016,520,57.58,84
openssdp,qa,2016,490,57.99,79
openssdp,re,2016,370,59.89,72
openssdp,ro,2016,13000,35.75,146
openssdp,rs,2016,6590,40.36,133
openssdp,ru,2016,598190,9.78,203
openssdp,rw,2016,20,79.68,9
openssdp,sa,2016,2980,45.74,118
openssdp,sb,2016,100,68.76,40
openssdp,sc,2016,120,67.53,46
openssdp,sd,2016,1200,51.91,95
openssdp,se,2016,34830,29.07,162
openssdp,sg,2016,92180,22.46,182
openssdp,si,2016,1730,49.43,107
openssdp,sk,2016,7720,39.28,136
openssdp,sm,2016,190,64.41,59
openssdp,sn,2016,620,56.39,85
openssdp,so,2016,10,84.38,1
openssdp,sr,2016,5840,41.18,129
openssdp,ss,2016,10,84.38,1
openssdp,st,2016,10,84.38,1
openssdp,sv,2016,4130,43.53,127
openssdp,sx,2016,70,71.18,35
openssdp,sy,2016,3340,44.97,123
openssdp,sz,2016,50,73.47,28
openssdp,tc,2016,130,66.99,49
openssdp,tg,2016,20,79.68,9
openssdp,th,2016,138770,19.69,185
openssdp,tj,2016,140,66.48,51
openssdp,tn,2016,280190,14.92,193
openssdp,to,2016,20,79.68,9
openssdp,tr,2016,753050,8.22,206
openssdp,tt,2016,22800,31.94,153
openssdp,tw,2016,175420,18.1,188
openssdp,tz,2016,80,70.28,36
openssdp,ua,2016,230390,16.25,190
openssdp,ug,2016,100,68.76,40
openssdp,us,2016,739450,8.34,205
openssdp,uy,2016,324790,13.92,195
openssdp,uz,2016,2640,46.56,115
openssdp,vc,2016,3740,44.2,124
openssdp,ve,2016,565360,10.16,202
openssdp,vg,2016,50,73.47,28
openssdp,vi,2016,2460,47.04,113
openssdp,vn,2016,366520,13.1,198
openssdp,xk,2016,460,58.41,78
openssdp,xy,2016,28450,30.44,157
openssdp,ye,2016,410,59.19,75
openssdp,za,2016,11280,36.71,143
openssdp,zm,2016,320,60.88,67
openssdp,zw,2016,40,74.98,25
spam,ae,2016,400,41.71,107
spam,al,2016,310,44.19,102
spam,am,2016,20,70.86,15
spam,ao,2016,50,61.94,46
spam,ar,2016,820,34.73,120
spam,at,2016,120,53.43,72
spam,au,2016,140,51.93,78
spam,ba,2016,50,61.94,46
spam,bd,2016,370,42.47,106
spam,be,2016,40,64.11,39
spam,bg,2016,280,45.18,95
spam,bh,2016,60,60.17,53
spam,bj,2016,20,70.86,15
spam,bo,2016,350,43.01,105
spam,bq,2016,10,77.6,1
spam,br,2016,4320,18.56,130
spam,bs,2016,10,77.6,1
spam,bw,2016,120,53.43,72
spam,by,2016,80,57.37,62
spam,ca,2016,260,45.9,94
spam,ch,2016,90,56.22,65
spam,ci,2016,160,50.63,87
spam,cl,2016,310,44.19,102
spam,cm,2016,70,58.67,59
spam,cn,2016,3160,21.61,129
spam,co,2016,900,33.82,122
spam,cr,2016,60,60.17,53
spam,cy,2016,30,66.91,24
spam,cz,2016,150,51.25,81
spam,de,2016,760,35.47,119
spam,dk,2016,20,70.86,15
spam,do,2016,140,51.93,78
spam,dz,2016,80,57.37,62
spam,ec,2016,300,44.51,100
spam,ee,2016,20,70.86,15
spam,eg,2016,150,51.25,81
spam,es,2016,510,39.35,112
spam,et,2016,90,56.22,65
spam,fj,2016,30,66.91,24
spam,fr,2016,1460,29.12,124
spam,ga,2016,30,66.91,24
spam,gb,2016,540,38.79,113
spam,gh,2016,140,51.93,78
spam,gr,2016,30,66.91,24
spam,gt,2016,50,61.94,46
spam,hk,2016,880,34.04,121
spam,hn,2016,80,57.37,62
spam,hr,2016,30,66.91,24
spam,ht,2016,30,66.91,24
spam,hu,2016,29120,0.0,136
spam,id,2016,1530,28.66,125
spam,ie,2016,40,64.11,39
spam,il,2016,160,50.63,87
spam,im,2016,40,64.11,39
spam,in,2016,5860,15.6,131
spam,iq,2016,100,55.2,68
spam,ir,2016,2440,24.12,127
spam,it,2016,590,37.93,114
spam,jo,2016,90,56.22,65
spam,jp,2016,630,37.29,115
spam,ke,2016,150,51.25,81
spam,kh,2016,130,52.65,76
spam,ki,2016,10,77.6,1
spam,kr,2016,15250,6.29,134
spam,kw,2016,120,53.43,72
spam,kz,2016,150,51.25,81
spam,la,2016,10,77.6,1
spam,lb,2016,150,51.25,81
spam,lk,2016,30,66.91,24
spam,lr,2016,10,77.6,1
spam,lt,2016,70,58.67,59
spam,lu,2016,10,77.6,1
spam,lv,2016,20,70.86,15
spam,ly,2016,30,66.91,24
spam,ma,2016,40,64.11,39
spam,md,2016,20,70.86,15
spam,me,2016,20,70.86,15
spam,mk,2016,110,54.27,69
spam,ml,2016,10,77.6,1
spam,mm,2016,20,70.86,15
spam,mn,2016,110,54.27,69
spam,mr,2016,30,66.91,24
spam,mt,2016,10,77.6,1
spam,mu,2016,30,66.91,24
spam,mv,2016,10,77.6,1
spam,mw,2016,10,77.6,1
spam,mx,2016,15310,6.25,135
spam,my,2016,150,51.25,81
spam,mz,2016,40,64.11,39
spam,nc,2016,10,77.6,1
spam,ng,2016,60,60.17,53
spam,ni,2016,30,66.91,24
spam,nl,2016,300,44.51,100
spam,no,2016,120,53.43,72
spam,np,2016,70,58.67,59
spam,nz,2016,10,77.6,1
spam,pa,2016,60,60.17,53
spam,pe,2016,1100,31.87,123
spam,ph,2016,420,41.24,108
spam,pk,2016,740,35.73,118
spam,pl,2016,290,44.84,98
spam,pr,2016,440,40.79,109
spam,ps,2016,60,60.17,53
spam,pt,2016,110,54.27,69
spam,qa,2016,30,66.91,24
spam,re,2016,40,64.11,39
spam,ro,2016,280,45.18,95
spam,rs,2016,290,44.84,98
spam,ru,2016,2540,23.73,128
spam,rw,2016,50,61.94,46
spam,sa,2016,450,40.57,110
spam,sc,2016,10,77.6,1
spam,sd,2016,60,60.17,53
spam,se,2016,200,48.46,91
spam,sg,2016,240,46.68,92
spam,si,2016,10,77.6,1
spam,sk,2016,130,52.65,76
spam,sn,2016,50,61.94,46
spam,sv,2016,20,70.86,15
spam,sy,2016,10,77.6,1
spam,tg,2016,30,66.91,24
spam,th,2016,450,40.57,110
spam,tn,2016,310,44.19,102
spam,tr,2016,1570,28.41,126
spam,tt,2016,170,50.04,89
spam,tw,2016,640,37.14,116
spam,tz,2016,50,61.94,46
spam,ua,2016,670,36.69,117
spam,ug,2016,30,66.91,24
spam,us,2016,9340,11.06,133
spam,uy,2016,180,49.48,90
spam,ve,2016,250,46.29,93
spam,vn,2016,5860,15.6,131
spam,xy,2016,40,64.11,39
spam,za,2016,280,45.18,95
spam,zm,2016,50,61.94,46
spam,zw,2016,30,66.91,24
